flash_hlg_state_id,id,country_id
__export__.res_country_state_953_89592a93,base.state_ca_bc,base.ca
__export__.res_country_state_919_ef38ba07,#N/A,base.ca
__export__.res_country_state_959_022c246c,base.state_ca_on,base.ca
__export__.res_country_state_938_8e4d9a59,base.state_ca_nt,base.ca
__export__.res_country_state_934_708877ad,base.state_ca_on,base.ca
__export__.res_country_state_921_23aa699a,base.state_ca_on,base.ca
__export__.res_country_state_917_949514fc,base.state_ca_on,base.ca
__export__.res_country_state_915_ab5a2c2c,base.state_ca_qc,base.ca
__export__.res_country_state_918_9fca4189,base.state_ca_qc,base.ca
__export__.res_country_state_743_ce2969bc,base.state_br_pr,base.state_br_pr
__export__.res_country_state_911_0db2ad0b,base.state_us_5,base.us
__export__.res_country_state_912_8717fff6,base.state_us_14,base.us
__export__.res_country_state_913_be66de2e,base.state_us_28,base.us
__export__.res_country_state_876_2a881858,base.state_us_pr,base.us
__export__.res_country_state_920_b6ee757f,#N/A,base.us
__export__.res_country_state_910_74c269da,base.state_us_45,base.us
__export__.res_country_state_939_b1349093,base.state_us_1,base.us
__export__.res_country_state_923_eab043a0,base.state_us_4,base.us
__export__.res_country_state_932_246f0a46,base.state_us_5,base.us
__export__.res_country_state_914_3b59579c,#N/A,base.us
__export__.res_country_state_952_ecb1801c,base.state_us_10,base.us
__export__.res_country_state_948_257bc97a,base.state_us_11,base.us
__export__.res_country_state_936_10f48a30,base.state_us_11,base.us
__export__.res_country_state_941_d608bf6e,base.state_us_14,base.us
__export__.res_country_state_951_c3f158d4,base.state_us_14,base.us
__export__.res_country_state_946_a6adf9b6,base.state_us_15,base.us
__export__.res_country_state_928_83f5a17c,base.state_us_16,base.us
__export__.res_country_state_929_3df63da5,base.state_us_25,base.us
__export__.res_country_state_944_147a46c9,base.state_us_17,base.us
__export__.res_country_state_949_a8749699,base.state_us_37,base.us
__export__.res_country_state_950_5af972f3,base.state_us_27,base.us
__export__.res_country_state_935_e4ee078f,base.state_us_27,base.us
__export__.res_country_state_926_16053181,base.state_us_25,base.us
__export__.res_country_state_940_0160a2c7,base.state_us_27,base.us
__export__.res_country_state_916_37a0d07c,#N/A,base.us
__export__.res_country_state_943_d18398fb,base.state_us_25,base.us
__export__.res_country_state_931_77cf4de2,base.state_us_27,base.us
__export__.res_country_state_955_5eb6f189,base.state_us_28,base.us
__export__.res_country_state_942_ba55a9af,base.state_us_30,base.us
__export__.res_country_state_924_136d8fbf,#N/A,base.us
__export__.res_country_state_925_d60f5bc0,base.state_us_44,base.us
__export__.res_country_state_937_d741005f,base.state_us_43,base.us
__export__.res_country_state_945_42efcd94,base.state_us_43,base.us
__export__.res_country_state_966_45ea66ff,base.state_us_44,base.us
__export__.res_country_state_954_c979e38e,#N/A,base.us
__export__.res_country_state_930_f6d26d8c,base.state_us_47,base.us
__export__.res_country_state_922_5a6498f6,base.state_us_47,base.us
__export__.res_country_state_933_a4941ee9,base.state_us_48,base.us
__export__.res_country_state_927_67dcc829,base.state_us_48,base.us
__export__.res_country_state_947_d527b227,base.state_us_50,base.us
